CREATE DATABASE Banco_Anglo
GO

USE [Banco_Anglo]
GO

SET DATEFORMAT dmy
SET LANGUAGE spanish


--Tabla Banco
CREATE TABLE Banco (
	CODIGO_BANCO int not null,
	NOMBRE varchar(45) not null,
	CONSTRAINT PK_Banco PRIMARY KEY (CODIGO_BANCO ASC)
)
GO


--Tabla Sucursales
CREATE TABLE Sucursales (
	CODIGO_SUCURSAL INT NOT NULL,
	NOMBRE VARCHAR(45) NOT NULL,
	CODIGO_BANCO INT NOT NULL,
	CONSTRAINT PK_Sucursales PRIMARY KEY (CODIGO_SUCURSAL),
	CONSTRAINT FK_Banco_Sucursales FOREIGN KEY (CODIGO_BANCO) REFERENCES Banco(CODIGO_BANCO)
)
GO


--Tabla Empleados
CREATE TABLE Empleados (
	ID_EMPLEADO INT NOT NULL,
	NOMBRE VARCHAR(45) NOT NULL,
	FECHA_ASIGNACION_SUC DATE NOT NULL,
	TELEFONO VARCHAR(10) NOT NULL,
	FECHA_INICIO_LABORO DATE NOT NULL,
	CODIGO_SUCURSAL INT NOT NULL
	CONSTRAINT PK_Empleados PRIMARY KEY (ID_EMPLEADO),
	CONSTRAINT UN_Empleado_Telefono UNIQUE (TELEFONO),
	CONSTRAINT FK_Sucursales_Empleados FOREIGN KEY (CODIGO_SUCURSAL) REFERENCES Sucursales(CODIGO_SUCURSAL)
)
GO


--Tabla de Tipo Préstamo
CREATE TABLE Tipo_Prestamo (
	ID_TIPO_PRESTAMO INT NOT NULL,
	NOMBRE VARCHAR(45) NOT NULL,
	PLAZO_MIN VARCHAR(50) NOT NULL,
	TASA_INTERES VARCHAR(45) NOT NULL,
	PLAZO_MAX VARCHAR(50) NOT NULL,
	MONEDA VARCHAR(20) NOT NULL,
	MONTO_MIN NUMERIC (14, 2) NOT NULL,
	MONTO_MAX NUMERIC (14, 2) NOT NULL,
	CONSTRAINT PK_Tipo_Prestamo PRIMARY KEY (ID_TIPO_PRESTAMO ASC)
)
GO


--Tabla Actividad Económica
CREATE TABLE Actividad_Economica (
	CODIGO_ACTIVIDAD INT NOT NULL,
	NOMBRE_ACTIVIDAD VARCHAR(45) NOT NULL,
	CONSTRAINT PK_Actidad_Economica PRIMARY KEY (CODIGO_ACTIVIDAD ASC)
)
GO


--Tabla Provincias
CREATE TABLE Provincias (
	CODIGO_PROVINCIA INT NOT NULL,
	NOMBRE_PROVINCIA VARCHAR(15),
	CONSTRAINT PK_Provincias PRIMARY KEY (CODIGO_PROVINCIA ASC)
)
GO


--Tabla Clientes
CREATE TABLE Clientes (
	ID_CLIENTE INT NOT NULL,
	NOMBRE VARCHAR(45) NOT NULL,
	CORREO VARCHAR(30) NOT NULL,
	DIRECCION VARCHAR(80) NOT NULL,
	INGRESO_MENSUAL NUMERIC(10, 2) NOT NULL,
	CODIGO_ACTIVIDAD INT NOT NULL,
	CODIGO_PROVINCIA INT NOT NULL,
	CONSTRAINT PK_Clientes PRIMARY KEY (ID_CLIENTE ASC),
	CONSTRAINT FK_Actividad_Economica_Clientes FOREIGN KEY (CODIGO_ACTIVIDAD) REFERENCES Actividad_Economica(CODIGO_ACTIVIDAD),
	CONSTRAINT FK_Provincias_Clientes FOREIGN KEY (CODIGO_PROVINCIA) REFERENCES Provincias(CODIGO_PROVINCIA),
	CONSTRAINT CH_INGRESO_MENSUAL_POSITIVO CHECK (INGRESO_MENSUAL > 0)
)
GO


--Tabla Teléfonos
CREATE TABLE Telefonos (
	CODIGO_TELEFONO INT NOT NULL,
	NUMERO_TELEFONO VARCHAR(10) NOT NULL,
	ID_CLIENTE INT NOT NULL,
	CONSTRAINT PK_Telefonos PRIMARY KEY (CODIGO_TELEFONO ASC),
	CONSTRAINT FK_Clientes_Telefonos FOREIGN KEY (ID_CLIENTE) REFERENCES Clientes(ID_CLIENTE)
)
GO


--Tabla Préstamos
CREATE TABLE Prestamos (
	NUMERO_PRESTAMO INT NOT NULL,
	FECHA_PRESTAMO_OTORGADO DATE NOT NULL,
	MONTO_PRESTAMO NUMERIC(10, 2) NOT NULL,
	TASA VARCHAR(50) NOT NULL,
	PLAZO VARCHAR(50) NOT NULL,
	CUOTA_MENSUAL NUMERIC(10, 2) NOT NULL,
	ID_EMPLEADO INT NOT NULL,
	CODIGO_SUCURSAL INT NOT NULL,
	ID_CLIENTE INT NOT NULL,
	ID_TIPO_PRESTAMO INT NOT NULL,
	CONSTRAINT PK_Prestamos PRIMARY KEY (NUMERO_PRESTAMO),
	CONSTRAINT FK_Empleados_Prestamos FOREIGN KEY (ID_EMPLEADO) REFERENCES Empleados(ID_EMPLEADO),
	CONSTRAINT FK_Sucursales_Prestamos FOREIGN KEY (CODIGO_SUCURSAL) REFERENCES Sucursales(CODIGO_SUCURSAL),
	CONSTRAINT FK_Clientes_Prestamos FOREIGN KEY (ID_CLIENTE) REFERENCES Clientes(ID_CLIENTE),
	CONSTRAINT FK_ID_TIPO_PRESTAMO FOREIGN KEY (ID_TIPO_PRESTAMO) REFERENCES Tipo_Prestamo(ID_TIPO_PRESTAMO)
)
GO



--Tabla Pagos
CREATE TABLE Pagos (
	CODIGO_PAGO INT NOT NULL, 
	MONTO_DEL_PAGO NUMERIC(10, 2) NOT NULL,
	FECHA_DEL_PAGO DATE NOT NULL,
	ID_EMPLEADO INT NOT NULL,
	ID_CLIENTE INT NOT NULL,
	NUMERO_PRESTAMO INT NOT NULL,
	CONSTRAINT PK_Pagos PRIMARY KEY (CODIGO_PAGO ASC),
	CONSTRAINT FK_Empleados_Pagos FOREIGN KEY (ID_EMPLEADO) REFERENCES Empleados(ID_EMPLEADO),
	CONSTRAINT FK_Clientes_Pagos FOREIGN KEY (ID_CLIENTE) REFERENCES Clientes(ID_CLIENTE),
	CONSTRAINT FK_Prestamos_Pagos FOREIGN KEY (NUMERO_PRESTAMO) REFERENCES Prestamos(NUMERO_PRESTAMO)
)
GO



--INSERT TABLA BANCO
INSERT INTO [dbo].[Banco]([CODIGO_BANCO], [NOMBRE]) 
	VALUES (1001, 'BANCO ESK')



--INSERT TABLA SUCURSALES
INSERT INTO [dbo].[Sucursales]([CODIGO_SUCURSAL], [NOMBRE], [CODIGO_BANCO])
	VALUES (01, 'ESK PALERMO', 1001)
INSERT INTO [dbo].[Sucursales]([CODIGO_SUCURSAL], [NOMBRE], [CODIGO_BANCO])
	VALUES (02, 'ESK SARMO', 1001)
INSERT INTO [dbo].[Sucursales]([CODIGO_SUCURSAL], [NOMBRE], [CODIGO_BANCO])
	VALUES (03, 'ESK JY', 1001)
INSERT INTO [dbo].[Sucursales]([CODIGO_SUCURSAL], [NOMBRE], [CODIGO_BANCO])
	VALUES (04, 'ESK ZIX', 1001)
INSERT INTO [dbo].[Sucursales]([CODIGO_SUCURSAL], [NOMBRE], [CODIGO_BANCO])
	VALUES (05, 'ESK WyL', 1001)
INSERT INTO [dbo].[Sucursales]([CODIGO_SUCURSAL], [NOMBRE], [CODIGO_BANCO])
	VALUES (06, 'ESK PAZ', 1001)
INSERT INTO [dbo].[Sucursales]([CODIGO_SUCURSAL], [NOMBRE], [CODIGO_BANCO])
	VALUES (07, 'ESK PIQ', 1001)
INSERT INTO [dbo].[Sucursales]([CODIGO_SUCURSAL], [NOMBRE], [CODIGO_BANCO])
	VALUES (08, 'ESK TY', 1001)
INSERT INTO [dbo].[Sucursales]([CODIGO_SUCURSAL], [NOMBRE], [CODIGO_BANCO])
	VALUES (09, 'ESK PUL', 1001)
INSERT INTO [dbo].[Sucursales]([CODIGO_SUCURSAL], [NOMBRE], [CODIGO_BANCO])
	VALUES (10, 'ESK LMO', 1001)




--INSERT TABLA EMPLEADOS 
INSERT INTO [dbo].[Empleados]([ID_EMPLEADO], [NOMBRE], [FECHA_ASIGNACION_SUC], [TELEFONO], [FECHA_INICIO_LABORO], 
	[CODIGO_SUCURSAL]) VALUES (1, 'Juan Amador Soto', '2009-07-21', 90128765, '2009-08-01', 3)
INSERT INTO [dbo].[Empleados]([ID_EMPLEADO], [NOMBRE], [FECHA_ASIGNACION_SUC], [TELEFONO], [FECHA_INICIO_LABORO], 
	[CODIGO_SUCURSAL]) VALUES (2, 'Esteban Campos Abreu', '2005-01-21', 34256789, '2005-02-10', 9)
INSERT INTO [dbo].[Empleados]([ID_EMPLEADO], [NOMBRE], [FECHA_ASIGNACION_SUC], [TELEFONO], [FECHA_INICIO_LABORO], 
	[CODIGO_SUCURSAL]) VALUES (3, 'Stephanie Castro Zamora', '2015-10-16', 34120987, '2015-10-30', 5)
INSERT INTO [dbo].[Empleados]([ID_EMPLEADO], [NOMBRE], [FECHA_ASIGNACION_SUC], [TELEFONO], [FECHA_INICIO_LABORO], 
	[CODIGO_SUCURSAL]) VALUES (4, 'Sofía Aguilar Escobedo', '2020-05-10', 34518761, '2020-06-20', 4)
INSERT INTO [dbo].[Empleados]([ID_EMPLEADO], [NOMBRE], [FECHA_ASIGNACION_SUC], [TELEFONO], [FECHA_INICIO_LABORO], 
	[CODIGO_SUCURSAL]) VALUES (5, 'Carlos Masis Sequeira', '2012-07-27', 90786543, '2012-08-15', 2)
INSERT INTO [dbo].[Empleados]([ID_EMPLEADO], [NOMBRE], [FECHA_ASIGNACION_SUC], [TELEFONO], [FECHA_INICIO_LABORO], 
	[CODIGO_SUCURSAL]) VALUES (6, 'Xinia Valverde Rocha', '2010-09-10', 67544790, '2010-09-29', 7)
INSERT INTO [dbo].[Empleados]([ID_EMPLEADO], [NOMBRE], [FECHA_ASIGNACION_SUC], [TELEFONO], [FECHA_INICIO_LABORO], 
	[CODIGO_SUCURSAL]) VALUES (7, 'Juan Pablo Jiménez Sonora', '2019-12-08', 12096543, '2020-01-16', 8)
INSERT INTO [dbo].[Empleados]([ID_EMPLEADO], [NOMBRE], [FECHA_ASIGNACION_SUC], [TELEFONO], [FECHA_INICIO_LABORO], 
	[CODIGO_SUCURSAL]) VALUES (8, 'Kevin Esquivel Cambronero', '2014-08-10', 12093487, '2014-08-30', 1)
INSERT INTO [dbo].[Empleados]([ID_EMPLEADO], [NOMBRE], [FECHA_ASIGNACION_SUC], [TELEFONO], [FECHA_INICIO_LABORO], 
	[CODIGO_SUCURSAL]) VALUES (9, 'Jimena Hernández Céspedes', '2011-02-10', 65785432, '2011-02-28', 1)
INSERT INTO [dbo].[Empleados]([ID_EMPLEADO], [NOMBRE], [FECHA_ASIGNACION_SUC], [TELEFONO], [FECHA_INICIO_LABORO], 
	[CODIGO_SUCURSAL]) VALUES (10, 'Paola Soto Sibaja', '2003-07-14', 85963214, '2003-07-27', 2)
INSERT INTO [dbo].[Empleados]([ID_EMPLEADO], [NOMBRE], [FECHA_ASIGNACION_SUC], [TELEFONO], [FECHA_INICIO_LABORO], 
	[CODIGO_SUCURSAL]) VALUES (11, 'Daniela Cortez Núñez', '2004-08-10', 60278965, '2004-08-27', 3)
INSERT INTO [dbo].[Empleados]([ID_EMPLEADO], [NOMBRE], [FECHA_ASIGNACION_SUC], [TELEFONO], [FECHA_INICIO_LABORO], 
	[CODIGO_SUCURSAL]) VALUES (12, 'Valeria Guzmán Chávez', '2021-03-07', 45789632, '2021-03-22', 6)
INSERT INTO [dbo].[Empleados]([ID_EMPLEADO], [NOMBRE], [FECHA_ASIGNACION_SUC], [TELEFONO], [FECHA_INICIO_LABORO], 
	[CODIGO_SUCURSAL]) VALUES (13, 'Jorge DeSanti Louis', '2016-05-10', 56210897, '2016-05-28', 6)
INSERT INTO [dbo].[Empleados]([ID_EMPLEADO], [NOMBRE], [FECHA_ASIGNACION_SUC], [TELEFONO], [FECHA_INICIO_LABORO], 
	[CODIGO_SUCURSAL]) VALUES (14, 'Luis Herrera Cruz', '2013-01-05', 89742563, '2013-01-20', 4)
INSERT INTO [dbo].[Empleados]([ID_EMPLEADO], [NOMBRE], [FECHA_ASIGNACION_SUC], [TELEFONO], [FECHA_INICIO_LABORO], 
	[CODIGO_SUCURSAL]) VALUES (15, 'Yuliana Víquez Aguilar', '2009-08-10', 12054689, '2009-08-01', 9)




--INSERT TABLA TIPO PRÉSTAMO
INSERT INTO  [dbo].[Tipo_Prestamo]([ID_TIPO_PRESTAMO], [NOMBRE], [PLAZO_MIN], [TASA_INTERES], [PLAZO_MAX], [MONEDA], 
	[MONTO_MIN], [MONTO_MAX])  VALUES (101, 'Personales', '5 AÑOS', '14%', '10 AÑOS', 'COLONES', 500000, 5000000)
INSERT INTO  [dbo].[Tipo_Prestamo]([ID_TIPO_PRESTAMO], [NOMBRE], [PLAZO_MIN], [TASA_INTERES], [PLAZO_MAX], [MONEDA], 
	[MONTO_MIN], [MONTO_MAX])  VALUES (102, 'Hipotecarios', '15 AÑOS', '20%', '35 AÑOS', 'COLONES O DÓLARES', 30000000, 120000000)
INSERT INTO  [dbo].[Tipo_Prestamo]([ID_TIPO_PRESTAMO], [NOMBRE], [PLAZO_MIN], [TASA_INTERES], [PLAZO_MAX], [MONEDA], 
	[MONTO_MIN], [MONTO_MAX])  VALUES (103, 'Fiduciarios', '7 AÑOS', '9%', '12 AÑOS', 'COLONES', 3000000, 12000000)
INSERT INTO  [dbo].[Tipo_Prestamo]([ID_TIPO_PRESTAMO], [NOMBRE], [PLAZO_MIN], [TASA_INTERES], [PLAZO_MAX], [MONEDA], 
	[MONTO_MIN], [MONTO_MAX])  VALUES (104, 'Moneda', '3 AÑOS', '10%', '8 AÑOS', 'COLONES O DÓLARES', 500000, 10000000)




--INSERT TABLA ACTIVIDA ECONÓMICA
INSERT INTO [dbo].[Actividad_Economica] ([CODIGO_ACTIVIDAD], [NOMBRE_ACTIVIDAD]) 
	VALUES (1, 'CONTADOR')
INSERT INTO [dbo].[Actividad_Economica] ([CODIGO_ACTIVIDAD], [NOMBRE_ACTIVIDAD]) 
	VALUES (2, 'AMINISTRADOR')
INSERT INTO [dbo].[Actividad_Economica] ([CODIGO_ACTIVIDAD], [NOMBRE_ACTIVIDAD]) 
	VALUES (3, 'PROFESOR')
INSERT INTO [dbo].[Actividad_Economica] ([CODIGO_ACTIVIDAD], [NOMBRE_ACTIVIDAD]) 
	VALUES (4, 'GERENTE')
INSERT INTO [dbo].[Actividad_Economica] ([CODIGO_ACTIVIDAD], [NOMBRE_ACTIVIDAD]) 
	VALUES (5, 'NUTRICIONISTA')
INSERT INTO [dbo].[Actividad_Economica] ([CODIGO_ACTIVIDAD], [NOMBRE_ACTIVIDAD]) 
	VALUES (6, 'MÉDICO')
INSERT INTO [dbo].[Actividad_Economica] ([CODIGO_ACTIVIDAD], [NOMBRE_ACTIVIDAD]) 
	VALUES (7, 'VETERINARIO')
INSERT INTO [dbo].[Actividad_Economica] ([CODIGO_ACTIVIDAD], [NOMBRE_ACTIVIDAD]) 
	VALUES (8, 'INGENIERO EN SISTEMAS')
INSERT INTO [dbo].[Actividad_Economica] ([CODIGO_ACTIVIDAD], [NOMBRE_ACTIVIDAD]) 
	VALUES (9, 'ARQUITECTO')
INSERT INTO [dbo].[Actividad_Economica] ([CODIGO_ACTIVIDAD], [NOMBRE_ACTIVIDAD]) 
	VALUES (10, 'INGENIERO CIVIL')




--INSERT TABLA PROVINCIAS
INSERT INTO [dbo].[Provincias] ([CODIGO_PROVINCIA], [NOMBRE_PROVINCIA])
	VALUES (1, 'SAN JOSÉ')
INSERT INTO [dbo].[Provincias] ([CODIGO_PROVINCIA], [NOMBRE_PROVINCIA])
	VALUES (2, 'ALAJUELA')
INSERT INTO [dbo].[Provincias] ([CODIGO_PROVINCIA], [NOMBRE_PROVINCIA])
	VALUES (3, 'CARTAGO')
INSERT INTO [dbo].[Provincias] ([CODIGO_PROVINCIA], [NOMBRE_PROVINCIA])
	VALUES (4, 'HEREDIA')
INSERT INTO [dbo].[Provincias] ([CODIGO_PROVINCIA], [NOMBRE_PROVINCIA])
	VALUES (5, 'GUANACASTE')
INSERT INTO [dbo].[Provincias] ([CODIGO_PROVINCIA], [NOMBRE_PROVINCIA])
	VALUES (6, 'PUNTARENAS')
INSERT INTO [dbo].[Provincias] ([CODIGO_PROVINCIA], [NOMBRE_PROVINCIA])
	VALUES (7, 'LIMÓN')




--INSERT TABLA CLIENTES
INSERT INTO [dbo].[Clientes] ([ID_CLIENTE], [NOMBRE], [CORREO], [DIRECCION], [INGRESO_MENSUAL], [CODIGO_ACTIVIDAD],
	[CODIGO_PROVINCIA]) VALUES (1, 'JUAN CARLOS GUERRERO SOL', 'juanca@kewmail.oo', 'SAN JOSÉ, 100mts oeste Banco Central',
	690000, 2, 3)
INSERT INTO [dbo].[Clientes] ([ID_CLIENTE], [NOMBRE], [CORREO], [DIRECCION], [INGRESO_MENSUAL], [CODIGO_ACTIVIDAD],
	[CODIGO_PROVINCIA]) VALUES (2, 'DERECK CHÁVEZ MATA', 'mata123@yooymail.oo', '50mts sur CCSS',
	1100000, 5, 1)
INSERT INTO [dbo].[Clientes] ([ID_CLIENTE], [NOMBRE], [CORREO], [DIRECCION], [INGRESO_MENSUAL], [CODIGO_ACTIVIDAD],
	[CODIGO_PROVINCIA]) VALUES (3, 'KRISTEL MORA AGUILAR', 'aguilarM@popmail.oo', 'Price Smart, 300mts oeste',
	500000, 6, 2)
INSERT INTO [dbo].[Clientes] ([ID_CLIENTE], [NOMBRE], [CORREO], [DIRECCION], [INGRESO_MENSUAL], [CODIGO_ACTIVIDAD],
	[CODIGO_PROVINCIA]) VALUES (4, 'CARLOS CÉSPEDES QUIRÓS', 'quriosCC@kewmail.oo', 'Costado norte de la iglesia de Barva',
	870000, 9, 4)
INSERT INTO [dbo].[Clientes] ([ID_CLIENTE], [NOMBRE], [CORREO], [DIRECCION], [INGRESO_MENSUAL], [CODIGO_ACTIVIDAD],
	[CODIGO_PROVINCIA]) VALUES (5, 'KARINA MOREIRA BOLAÑOS', 'Kbolaños@yooymail.oo', '50mts sur del parque central',
	2900000, 8, 7)
INSERT INTO [dbo].[Clientes] ([ID_CLIENTE], [NOMBRE], [CORREO], [DIRECCION], [INGRESO_MENSUAL], [CODIGO_ACTIVIDAD],
	[CODIGO_PROVINCIA]) VALUES (6, 'SAÚL SALAZAR MORA', 'mora511@popmail.oo', 'Parque Marino, 350mts oeste, 100mts norte',
	1500000, 8, 6)
INSERT INTO [dbo].[Clientes] ([ID_CLIENTE], [NOMBRE], [CORREO], [DIRECCION], [INGRESO_MENSUAL], [CODIGO_ACTIVIDAD],
	[CODIGO_PROVINCIA]) VALUES (7, 'AIRON CORELLA VARGAS', 'var0605@kewmail.oo', '250mts oeste de la iglesia de Santa Cruz',
	900000, 4, 5)
INSERT INTO [dbo].[Clientes] ([ID_CLIENTE], [NOMBRE], [CORREO], [DIRECCION], [INGRESO_MENSUAL], [CODIGO_ACTIVIDAD],
	[CODIGO_PROVINCIA]) VALUES (8, 'MARIMAR SEQUEIRA LÓPEZ', 'sequeLo@yooymail.oo', 'San Joaquín, costado norte de la plaza',
	1000000, 3, 4)
INSERT INTO [dbo].[Clientes] ([ID_CLIENTE], [NOMBRE], [CORREO], [DIRECCION], [INGRESO_MENSUAL], [CODIGO_ACTIVIDAD],
	[CODIGO_PROVINCIA]) VALUES (9, 'CAMILO FUENTES GONZÁLEZ', 'Fgonza22@popmail.oo', '300mts este de la zona franca Ultra Park',
	2100000, 5, 4)
INSERT INTO [dbo].[Clientes] ([ID_CLIENTE], [NOMBRE], [CORREO], [DIRECCION], [INGRESO_MENSUAL], [CODIGO_ACTIVIDAD],
	[CODIGO_PROVINCIA]) VALUES (10, 'SOL LEÓN MYRIE', 'solLM@kewmail.oo', 'Parque Juan Santamaría, 200mts sur',
	3600025, 10, 2)
INSERT INTO [dbo].[Clientes] ([ID_CLIENTE], [NOMBRE], [CORREO], [DIRECCION], [INGRESO_MENSUAL], [CODIGO_ACTIVIDAD],
	[CODIGO_PROVINCIA]) VALUES (11, 'KEVIN WANCHOPE SOLÍS', 'kenChope@yooymail.oo', '100mts oeste del Hospital De Niños',
	1345050, 7, 1)
INSERT INTO [dbo].[Clientes] ([ID_CLIENTE], [NOMBRE], [CORREO], [DIRECCION], [INGRESO_MENSUAL], [CODIGO_ACTIVIDAD],
	[CODIGO_PROVINCIA]) VALUES (12, 'JAVIER CORRALES ARIAS', 'arias007@popmail.oo', 'Costado sur del estadio de CS Cartagines',
	450250, 9, 3)
INSERT INTO [dbo].[Clientes] ([ID_CLIENTE], [NOMBRE], [CORREO], [DIRECCION], [INGRESO_MENSUAL], [CODIGO_ACTIVIDAD],
	[CODIGO_PROVINCIA]) VALUES (13, 'JUAN DIEGO BORGES LI', 'diegoJLI@yooymail.oo', '200mts este del colegio Saint Thomas',
	790000, 1, 2)




--INSERT TABLA TELÉFONOS
INSERT INTO [dbo].[Telefonos] ([CODIGO_TELEFONO], [NUMERO_TELEFONO], [ID_CLIENTE])
	VALUES (1001, 78596321, 1)
INSERT INTO [dbo].[Telefonos] ([CODIGO_TELEFONO], [NUMERO_TELEFONO], [ID_CLIENTE])
	VALUES (1002, 89523114, 1)
INSERT INTO [dbo].[Telefonos] ([CODIGO_TELEFONO], [NUMERO_TELEFONO], [ID_CLIENTE])
	VALUES (1003, 45632189, 2)
INSERT INTO [dbo].[Telefonos] ([CODIGO_TELEFONO], [NUMERO_TELEFONO], [ID_CLIENTE])
	VALUES (1004, 02316589, 2)
INSERT INTO [dbo].[Telefonos] ([CODIGO_TELEFONO], [NUMERO_TELEFONO], [ID_CLIENTE])
	VALUES (1005, 25963142, 2)
INSERT INTO [dbo].[Telefonos] ([CODIGO_TELEFONO], [NUMERO_TELEFONO], [ID_CLIENTE])
	VALUES (1006, 52147896, 3)
INSERT INTO [dbo].[Telefonos] ([CODIGO_TELEFONO], [NUMERO_TELEFONO], [ID_CLIENTE])
	VALUES (1007, 21564897, 3)
INSERT INTO [dbo].[Telefonos] ([CODIGO_TELEFONO], [NUMERO_TELEFONO], [ID_CLIENTE])
	VALUES (1008, 25897402, 4)
INSERT INTO [dbo].[Telefonos] ([CODIGO_TELEFONO], [NUMERO_TELEFONO], [ID_CLIENTE])
	VALUES (1009, 02369874, 4)
INSERT INTO [dbo].[Telefonos] ([CODIGO_TELEFONO], [NUMERO_TELEFONO], [ID_CLIENTE])
	VALUES (1010, 00223698, 4)
INSERT INTO [dbo].[Telefonos] ([CODIGO_TELEFONO], [NUMERO_TELEFONO], [ID_CLIENTE])
	VALUES (1011, 23450017, 5)
INSERT INTO [dbo].[Telefonos] ([CODIGO_TELEFONO], [NUMERO_TELEFONO], [ID_CLIENTE])
	VALUES (1012, 40005236, 5)
INSERT INTO [dbo].[Telefonos] ([CODIGO_TELEFONO], [NUMERO_TELEFONO], [ID_CLIENTE])
	VALUES (1013, 50002698, 6)
INSERT INTO [dbo].[Telefonos] ([CODIGO_TELEFONO], [NUMERO_TELEFONO], [ID_CLIENTE])
	VALUES (1014, 89740000, 6)
INSERT INTO [dbo].[Telefonos] ([CODIGO_TELEFONO], [NUMERO_TELEFONO], [ID_CLIENTE])
	VALUES (1015, 58960020, 6)
INSERT INTO [dbo].[Telefonos] ([CODIGO_TELEFONO], [NUMERO_TELEFONO], [ID_CLIENTE])
	VALUES (1016, 22632233, 7)
INSERT INTO [dbo].[Telefonos] ([CODIGO_TELEFONO], [NUMERO_TELEFONO], [ID_CLIENTE])
	VALUES (1017, 48002299, 7)
INSERT INTO [dbo].[Telefonos] ([CODIGO_TELEFONO], [NUMERO_TELEFONO], [ID_CLIENTE])
	VALUES (1018, 02100026, 8)
INSERT INTO [dbo].[Telefonos] ([CODIGO_TELEFONO], [NUMERO_TELEFONO], [ID_CLIENTE])
	VALUES (1019, 70008952, 8)
INSERT INTO [dbo].[Telefonos] ([CODIGO_TELEFONO], [NUMERO_TELEFONO], [ID_CLIENTE])
	VALUES (1020, 22335151, 8)
INSERT INTO [dbo].[Telefonos] ([CODIGO_TELEFONO], [NUMERO_TELEFONO], [ID_CLIENTE])
	VALUES (1021, 89703366, 9)
INSERT INTO [dbo].[Telefonos] ([CODIGO_TELEFONO], [NUMERO_TELEFONO], [ID_CLIENTE])
	VALUES (1022, 33346339, 9)
INSERT INTO [dbo].[Telefonos] ([CODIGO_TELEFONO], [NUMERO_TELEFONO], [ID_CLIENTE])
	VALUES (1023, 03669987, 10)
INSERT INTO [dbo].[Telefonos] ([CODIGO_TELEFONO], [NUMERO_TELEFONO], [ID_CLIENTE])
	VALUES (1024, 66639668, 10)
INSERT INTO [dbo].[Telefonos] ([CODIGO_TELEFONO], [NUMERO_TELEFONO], [ID_CLIENTE])
	VALUES (1025, 52369877, 10)
INSERT INTO [dbo].[Telefonos] ([CODIGO_TELEFONO], [NUMERO_TELEFONO], [ID_CLIENTE])
	VALUES (1026, 33300012, 11)
INSERT INTO [dbo].[Telefonos] ([CODIGO_TELEFONO], [NUMERO_TELEFONO], [ID_CLIENTE])
	VALUES (1027, 29298555, 11)
INSERT INTO [dbo].[Telefonos] ([CODIGO_TELEFONO], [NUMERO_TELEFONO], [ID_CLIENTE])
	VALUES (1028, 10110211, 12)
INSERT INTO [dbo].[Telefonos] ([CODIGO_TELEFONO], [NUMERO_TELEFONO], [ID_CLIENTE])
	VALUES (1029, 56993399, 12)
INSERT INTO [dbo].[Telefonos] ([CODIGO_TELEFONO], [NUMERO_TELEFONO], [ID_CLIENTE])
	VALUES (1030, 59440044, 12)
INSERT INTO [dbo].[Telefonos] ([CODIGO_TELEFONO], [NUMERO_TELEFONO], [ID_CLIENTE])
	VALUES (1031, 02698888, 13)
INSERT INTO [dbo].[Telefonos] ([CODIGO_TELEFONO], [NUMERO_TELEFONO], [ID_CLIENTE])
	VALUES (1032, 78456660, 13)




--INSERTS TABLA PRÉSTAMOS
INSERT INTO [dbo].[Prestamos] ([NUMERO_PRESTAMO], [FECHA_PRESTAMO_OTORGADO], [MONTO_PRESTAMO], [TASA], [PLAZO], [CUOTA_MENSUAL],
	[ID_EMPLEADO], [CODIGO_SUCURSAL], [ID_CLIENTE], [ID_TIPO_PRESTAMO]) VALUES (00001, '2000-09-18', 50000000,
	'7%', '30 AÑOS', 140000, 4, 4, 8, 102)
INSERT INTO [dbo].[Prestamos] ([NUMERO_PRESTAMO], [FECHA_PRESTAMO_OTORGADO], [MONTO_PRESTAMO], [TASA], [PLAZO], [CUOTA_MENSUAL],
	[ID_EMPLEADO], [CODIGO_SUCURSAL], [ID_CLIENTE], [ID_TIPO_PRESTAMO]) VALUES (00002, '2019-06-01', 7000000,
	'9%', '5 AÑOS', 118900, 10, 2, 3, 101)
INSERT INTO [dbo].[Prestamos] ([NUMERO_PRESTAMO], [FECHA_PRESTAMO_OTORGADO], [MONTO_PRESTAMO], [TASA], [PLAZO], [CUOTA_MENSUAL],
	[ID_EMPLEADO], [CODIGO_SUCURSAL], [ID_CLIENTE], [ID_TIPO_PRESTAMO]) VALUES (00003, '2009-11-12', 6000000,
	'13%', '4 AÑOS', 130000, 2, 9, 5, 104)
INSERT INTO [dbo].[Prestamos] ([NUMERO_PRESTAMO], [FECHA_PRESTAMO_OTORGADO], [MONTO_PRESTAMO], [TASA], [PLAZO], [CUOTA_MENSUAL],
	[ID_EMPLEADO], [CODIGO_SUCURSAL], [ID_CLIENTE], [ID_TIPO_PRESTAMO]) VALUES (00004, '2017-03-28', 10000000,
	'14%', '10 AÑOS', 100000, 1, 3, 12, 103)
INSERT INTO [dbo].[Prestamos] ([NUMERO_PRESTAMO], [FECHA_PRESTAMO_OTORGADO], [MONTO_PRESTAMO], [TASA], [PLAZO], [CUOTA_MENSUAL],
	[ID_EMPLEADO], [CODIGO_SUCURSAL], [ID_CLIENTE], [ID_TIPO_PRESTAMO]) VALUES (00005, '2018-06-12', 75000000,
	'9%', '30 AÑOS', 212000, 7, 8, 2, 102)
INSERT INTO [dbo].[Prestamos] ([NUMERO_PRESTAMO], [FECHA_PRESTAMO_OTORGADO], [MONTO_PRESTAMO], [TASA], [PLAZO], [CUOTA_MENSUAL],
	[ID_EMPLEADO], [CODIGO_SUCURSAL], [ID_CLIENTE], [ID_TIPO_PRESTAMO]) VALUES (00006, '2022-02-21', 3000000,
	'12%', '4 AÑOS', 68800, 11, 3, 6, 104)
INSERT INTO [dbo].[Prestamos] ([NUMERO_PRESTAMO], [FECHA_PRESTAMO_OTORGADO], [MONTO_PRESTAMO], [TASA], [PLAZO], [CUOTA_MENSUAL],
	[ID_EMPLEADO], [CODIGO_SUCURSAL], [ID_CLIENTE], [ID_TIPO_PRESTAMO]) VALUES (00007, '2001-09-10', 7000000,
	'14%', '10 AÑOS', 66000, 5, 2, 1, 103)
INSERT INTO [dbo].[Prestamos] ([NUMERO_PRESTAMO], [FECHA_PRESTAMO_OTORGADO], [MONTO_PRESTAMO], [TASA], [PLAZO], [CUOTA_MENSUAL],
	[ID_EMPLEADO], [CODIGO_SUCURSAL], [ID_CLIENTE], [ID_TIPO_PRESTAMO]) VALUES (00008, '2014-07-12', 1450000,
	'7%', '5 AÑOS', 27000, 3, 5, 9, 101)



--INSERT TABLA PAGOS
INSERT INTO [dbo].[Pagos] ([CODIGO_PAGO], [MONTO_DEL_PAGO], [FECHA_DEL_PAGO], [ID_EMPLEADO], [ID_CLIENTE], [NUMERO_PRESTAMO])
	VALUES (00001, 130000, '2009-12-15', 15, 5, 00003)
INSERT INTO [dbo].[Pagos] ([CODIGO_PAGO], [MONTO_DEL_PAGO], [FECHA_DEL_PAGO], [ID_EMPLEADO], [ID_CLIENTE], [NUMERO_PRESTAMO])
	VALUES (00002, 118900, '2019-07-05', 10, 3, 00002)
INSERT INTO [dbo].[Pagos] ([CODIGO_PAGO], [MONTO_DEL_PAGO], [FECHA_DEL_PAGO], [ID_EMPLEADO], [ID_CLIENTE], [NUMERO_PRESTAMO])
	VALUES (00003, 100000, '2017-04-29', 1, 12, 00004)
INSERT INTO [dbo].[Pagos] ([CODIGO_PAGO], [MONTO_DEL_PAGO], [FECHA_DEL_PAGO], [ID_EMPLEADO], [ID_CLIENTE], [NUMERO_PRESTAMO])
	VALUES (00004, 140000, '2000-10-20', 4, 8, 00001)
INSERT INTO [dbo].[Pagos] ([CODIGO_PAGO], [MONTO_DEL_PAGO], [FECHA_DEL_PAGO], [ID_EMPLEADO], [ID_CLIENTE], [NUMERO_PRESTAMO])
	VALUES (00005, 118900, '2019-08-05', 10, 3, 00002)
INSERT INTO [dbo].[Pagos] ([CODIGO_PAGO], [MONTO_DEL_PAGO], [FECHA_DEL_PAGO], [ID_EMPLEADO], [ID_CLIENTE], [NUMERO_PRESTAMO])
	VALUES (00006, 118900, '2019-09-05', 10, 3, 00002)
INSERT INTO [dbo].[Pagos] ([CODIGO_PAGO], [MONTO_DEL_PAGO], [FECHA_DEL_PAGO], [ID_EMPLEADO], [ID_CLIENTE], [NUMERO_PRESTAMO])
	VALUES (00007, 118900, '2019-10-05', 10, 3, 00002)
INSERT INTO [dbo].[Pagos] ([CODIGO_PAGO], [MONTO_DEL_PAGO], [FECHA_DEL_PAGO], [ID_EMPLEADO], [ID_CLIENTE], [NUMERO_PRESTAMO])
	VALUES (00008, 118900, '2019-11-05', 10, 3, 00002)
INSERT INTO [dbo].[Pagos] ([CODIGO_PAGO], [MONTO_DEL_PAGO], [FECHA_DEL_PAGO], [ID_EMPLEADO], [ID_CLIENTE], [NUMERO_PRESTAMO])
	VALUES (00009, 118900, '2019-12-05', 10, 3, 00002)


--1.Listar todos los préstamos de un cliente en particular. en un Rango de Fechas. Mostrando código y nombre del cliente, el código, la fecha y el monto del préstamo.
SELECT P.[NUMERO_PRESTAMO], C.[NOMBRE], C.[ID_CLIENTE], P.[FECHA_PRESTAMO_OTORGADO], P.[MONTO_PRESTAMO]
	FROM [dbo].[Prestamos] P
	INNER JOIN [dbo].[Clientes] C ON P.ID_CLIENTE = C.ID_CLIENTE
	WHERE ([FECHA_PRESTAMO_OTORGADO] >= '2000-09-18' AND [FECHA_PRESTAMO_OTORGADO]<= '2007-04-20') AND C.[ID_CLIENTE] = 8
	ORDER BY [FECHA_PRESTAMO_OTORGADO]

--2.	Listar todos los empleados de una sucursal en particular: Mostrando código y nombre de la sucursal, el código, nombre del empleado.
SELECT S.[CODIGO_SUCURSAL], S.[NOMBRE] as NOMBRE_SUCURSAL, E.[ID_EMPLEADO], E.[NOMBRE] as NOMBRE_EMPLEADO
	FROM [dbo].[Sucursales] S, [dbo].[Empleados] E
	WHERE S.[CODIGO_SUCURSAL]=2



--3.Mostrar los préstamos otorgados en una sucursal en particular en un Rango de Fechas, ordenado por fechas 
--(Los datos a mostrar serán el id y nombre de la sucursal, el código, la fecha y el monto del préstamo.

SELECT P.[NUMERO_PRESTAMO], S.[NOMBRE], S.[CODIGO_SUCURSAL], P.[FECHA_PRESTAMO_OTORGADO], P.[MONTO_PRESTAMO]
	FROM [dbo].[Prestamos] P
	INNER JOIN [dbo].[Sucursales] S ON P.CODIGO_SUCURSAL = S.CODIGO_SUCURSAL
	WHERE ([FECHA_PRESTAMO_OTORGADO] >= '2009-11-12' AND [FECHA_PRESTAMO_OTORGADO]<= '2012-07-04') AND S.[CODIGO_SUCURSAL] = 9
	ORDER BY [FECHA_PRESTAMO_OTORGADO]

--4.	Mostrar la cantidad de cuotas de un préstamo en particular, y la sumatoria de todos los montos pagados  en un Rango de Fechas.

SELECT COUNT(P.[NUMERO_PRESTAMO]) AS CANTIDAD_CUOTAS, SUM(F.[MONTO_DEL_PAGO]) AS TOTAL_PAGADO
	FROM [dbo].[Prestamos] P, [dbo].[Pagos] F
	WHERE (F.[FECHA_DEL_PAGO] >= '2019-01-01' AND F.FECHA_DEL_PAGO<= '2019-12-31') AND P.NUMERO_PRESTAMO = 2
	 

--5.Lista de todos los pagos de un préstamo en particular. 
--la consulta debe mostrar el código y monto del préstamo, así como la fecha, el código el monto de cada uno de los pagos.
SELECT P.[NUMERO_PRESTAMO], P.[MONTO_PRESTAMO], P.[FECHA_PRESTAMO_OTORGADO], A.[CODIGO_PAGO], A.[MONTO_DEL_PAGO]
	FROM[dbo].[Pagos] A
	INNER JOIN [dbo].[Prestamos] P ON A.NUMERO_PRESTAMO = P.NUMERO_PRESTAMO
	WHERE P.[NUMERO_PRESTAMO] = 00003